{
    "DecisionTree": {
        "accuracy": 0.87,
        "f1": 0.7894736842105263,
        "roc_auc": 0.8949234421817074
    },
    "RandomForest": {
        "accuracy": 0.9258333333333333,
        "f1": 0.8792401628222524,
        "roc_auc": 0.9665757833528008
    },
    "GradientBoosting": {
        "accuracy": 0.9304166666666667,
        "f1": 0.8887408394403731,
        "roc_auc": 0.9695569993905845
    }
}